<?xml version="1.0" encoding="UTF-8"?>
<project-private xmlns="http://www.netbeans.org/ns/project-private/1">
    <editor-bookmarks xmlns="http://www.netbeans.org/ns/editor-bookmarks/2" lastBookmarkId="0"/>
    <open-files xmlns="http://www.netbeans.org/ns/projectui-open-files/2">
        <group>
            <file>file:/C:/Users/laboratorio/Desktop/BDAula04-10-24/BDAula02/src/Conexao/MenuBar.java</file>
            <file>file:/C:/Users/laboratorio/Desktop/BDAula04-10-24/BDAula02/src/Beans/Pessoa.java</file>
            <file>file:/C:/Users/laboratorio/Desktop/BDAula04-10-24/BDAula02/src/Beans/VeiculoDAO.java</file>
            <file>file:/C:/Users/laboratorio/Desktop/BDAula04-10-24/BDAula02/src/Conexao/Conexao.java</file>
            <file>file:/C:/Users/laboratorio/Desktop/BDAula04-10-24/BDAula02/src/Conexao/FormVeiculo.java</file>
            <file>file:/C:/Users/laboratorio/Desktop/BDAula04-10-24/BDAula02/src/Conexao/NewJFrame1.java</file>
            <file>file:/C:/Users/laboratorio/Desktop/BDAula04-10-24/BDAula02/src/Conexao/NewJFrame.java</file>
            <file>file:/C:/Users/laboratorio/Desktop/BDAula04-10-24/BDAula02/src/Conexao/ConsultarVeiculo.java</file>
            <file>file:/C:/Users/laboratorio/Desktop/BDAula04-10-24/BDAula02/src/Beans/Veiculo.java</file>
            <file>file:/C:/Users/laboratorio/Desktop/BDAula04-10-24/BDAula02/src/Conexao/Relatorio.java</file>
            <file>file:/C:/Users/laboratorio/Desktop/BDAula04-10-24/BDAula02/src/Beans/PessoaDAO.java</file>
        </group>
    </open-files>
</project-private>
